<?xml version="1.0" encoding="UTF-8" ?>
<document>
<!--The data in this file is primarily intended for consumption by Xilinx tools.
The structure and the elements are likely to change over the next few releases.
This means code written to parse this file will need to be revisited each subsequent release.-->
<application name="pa" timeStamp="Mon Dec 30 02:34:38 2019">
<section name="Project Information" visible="false">
<property name="ProjectID" value="56b6bc07ceed45f99bd0c50aeac1bc2c" type="ProjectID"/>
<property name="ProjectIteration" value="1" type="ProjectIteration"/>
</section>
<section name="PlanAhead Usage" visible="true">
<item name="Project Data">
<property name="SrcSetCount" value="1" type="SrcSetCount"/>
<property name="ConstraintSetCount" value="1" type="ConstraintSetCount"/>
<property name="DesignMode" value="RTL" type="DesignMode"/>
<property name="SynthesisStrategy" value="Vivado Synthesis Defaults" type="SynthesisStrategy"/>
<property name="ImplStrategy" value="Vivado Implementation Defaults" type="ImplStrategy"/>
</item>
<item name="Java Command Handlers">
<property name="AddSources" value="5" type="JavaHandler"/>
<property name="EditDelete" value="1" type="JavaHandler"/>
<property name="NewProject" value="1" type="JavaHandler"/>
<property name="SaveFileProxyHandler" value="1" type="JavaHandler"/>
<property name="SimulationClose" value="7" type="JavaHandler"/>
<property name="SimulationRun" value="8" type="JavaHandler"/>
<property name="WaveformSaveConfiguration" value="1" type="JavaHandler"/>
</item>
<item name="Gui Resources Info">
<property name="CANCEL, Cancel" value="1" type="GuiResourceData"/>
<property name="FINISH, Finish" value="5" type="GuiResourceData"/>
<property name="NEXT, Next " value="9" type="GuiResourceData"/>
<property name="PAResourceAtoD.AddSrcWizard_SPECIFY_HDL_AND_NETLIST_FILES_OR_DIRECTORIES, Add or create design sources" value="1" type="GuiResourceData"/>
<property name="PAResourceAtoD.CreateSrcFileDialog_FILE_NAME, double_counter" value="1" type="GuiResourceData"/>
<property name="PAResourceAtoD.CreateSrcFileDialog_FILE_NAME, double_even_counter" value="2" type="GuiResourceData"/>
<property name="PAResourceAtoD.CreateSrcFileDialog_FILE_NAME, test_double_counter" value="1" type="GuiResourceData"/>
<property name="PAResourceAtoD.DefineModulesDialog_DEFINE_MODULES_AND_SPECIFY_IO_PORTS,  ; input ; false ; 0 ; 0, 0, (String" value="1" type="GuiResourceData"/>
<property name="PAResourceCommand.PACommandNames_ADD_SOURCES, Add Sources..." value="5" type="GuiResourceData"/>
<property name="PAResourceCommand.PACommandNames_AUTO_UPDATE_HIER, Hierarchy Update" value="5" type="GuiResourceData"/>
<property name="PAResourceCommand.PACommandNames_SIMULATION_RESET, Reset Simulation" value="2" type="GuiResourceData"/>
<property name="PAResourceCommand.PACommandNames_SIMULATION_RUN, Run Simulation" value="2" type="GuiResourceData"/>
<property name="PAResourceCommand.PACommandNames_SIMULATION_RUN_BEHAVIORAL, Run Behavioral Simulation" value="1" type="GuiResourceData"/>
<property name="PAResourceEtoH.FileSetPanel_FILE_SET_PANEL_TREE, [root, Constraints], 1, true" value="2" type="GuiResourceData"/>
<property name="PAResourceEtoH.FileSetPanel_FILE_SET_PANEL_TREE, [root, Constraints], 1, true, false, false, false, false, true" value="1" type="GuiResourceData"/>
<property name="PAResourceEtoH.FileSetPanel_FILE_SET_PANEL_TREE, [root, Constraints], 2, true, false, false, false, true, false" value="1" type="GuiResourceData"/>
<property name="PAResourceEtoH.FileSetPanel_FILE_SET_PANEL_TREE, [root, Design Sources, double_counter (double_counter.v" value="5" type="GuiResourceData"/>
<property name="PAResourceEtoH.FileSetPanel_FILE_SET_PANEL_TREE, [root, Design Sources, double_even_counter (double_even_counter.v" value="2" type="GuiResourceData"/>
<property name="PAResourceEtoH.FileSetPanel_FILE_SET_PANEL_TREE, [root, Design Sources], 0, false" value="3" type="GuiResourceData"/>
<property name="PAResourceEtoH.FileSetPanel_FILE_SET_PANEL_TREE, [root, Design Sources], 0, false, false, false, false, false, true" value="2" type="GuiResourceData"/>
<property name="PAResourceEtoH.FileSetPanel_FILE_SET_PANEL_TREE, [root, Design Sources], 0, false, false, false, false, true, false" value="1" type="GuiResourceData"/>
<property name="PAResourceEtoH.FileSetPanel_FILE_SET_PANEL_TREE, [root, Design Sources], 0, true" value="2" type="GuiResourceData"/>
<property name="PAResourceEtoH.FileSetPanel_FILE_SET_PANEL_TREE, [root, Design Sources], 0, true, false, false, false, true, false" value="1" type="GuiResourceData"/>
<property name="PAResourceEtoH.FileSetPanel_FILE_SET_PANEL_TREE, [root, Simulation Sources, sim_1, double_even_counter (double_even_counter.v" value="4" type="GuiResourceData"/>
<property name="PAResourceEtoH.FileSetPanel_FILE_SET_PANEL_TREE, [root, Simulation Sources, sim_1, test_double_counter (test_double_counter.v" value="2" type="GuiResourceData"/>
<property name="PAResourceEtoH.FileSetPanel_FILE_SET_PANEL_TREE, [root, Simulation Sources, sim_1], 5, true" value="2" type="GuiResourceData"/>
<property name="PAResourceEtoH.FileSetPanel_FILE_SET_PANEL_TREE, [root, Simulation Sources, sim_1], 5, true, false, false, false, false, true" value="1" type="GuiResourceData"/>
<property name="PAResourceEtoH.FileSetPanel_FILE_SET_PANEL_TREE, [root, Simulation Sources, sim_1], 5, true, false, false, false, true, false" value="2" type="GuiResourceData"/>
<property name="PAResourceEtoH.FlowNavigatorTreePanel_FLOW_NAVIGATOR_TREE, [, Simulation, Run Simulation], 11, false" value="8" type="GuiResourceData"/>
<property name="PAResourceEtoH.FlowNavigatorTreePanel_FLOW_NAVIGATOR_TREE, [, Simulation, Run Simulation], 11, false, false, false, false, false, true" value="1" type="GuiResourceData"/>
<property name="PAResourceEtoH.GettingStartedView_CREATE_NEW_PROJECT, Create New Project" value="1" type="GuiResourceData"/>
<property name="PAResourceOtoP.ProjectNameChooser_PROJECT_NAME, hw6a2" value="1" type="GuiResourceData"/>
<property name="PAResourceQtoS.RemoveSourcesDialog_ALSO_DELETE, Also delete the project local file/directory from disk, false" value="1" type="GuiResourceData"/>
<property name="PAResourceQtoS.SrcChooserPanel_ADD_HDL_AND_NETLIST_FILES_TO_YOUR_PROJECT, Add Files" value="1" type="GuiResourceData"/>
<property name="PAResourceQtoS.SrcChooserPanel_CREATE_FILE, Create File" value="4" type="GuiResourceData"/>
<property name="PAResourceQtoS.SrcMenu_IP_HIERARCHY, IP Hierarchy" value="5" type="GuiResourceData"/>
<property name="RDIResource.BaseDialog_OK, OK" value="16" type="GuiResourceData"/>
<property name="RDIResource.GraphicalView_ZOOM_IN, Waveform Viewer_zoom_in" value="3" type="GuiResourceData"/>
<property name="RDIResource.GraphicalView_ZOOM_OUT, Waveform Viewer_zoom_out" value="17" type="GuiResourceData"/>
<property name="RDIResource.MessageWithOptionDialog_DONT_SHOW_THIS_DIALOG_AGAIN, Don't show this dialog again, false" value="7" type="GuiResourceData"/>
<property name="RDIResource.RDIViews_WAVEFORM_VIEWER, Untitled 2" value="1" type="GuiResourceData"/>
<property name="RDIResource.RDIViews_WAVEFORM_VIEWER, Untitled 3" value="1" type="GuiResourceData"/>
<property name="RDIResource.RDIViews_WAVEFORM_VIEWER, Untitled 4" value="1" type="GuiResourceData"/>
<property name="RDIResource.RDIViews_WAVEFORM_VIEWER, Untitled 5" value="1" type="GuiResourceData"/>
<property name="RDIResource.RDIViews_WAVEFORM_VIEWER, Untitled 6" value="1" type="GuiResourceData"/>
<property name="RDIResource.RDIViews_WAVEFORM_VIEWER, Untitled 7" value="1" type="GuiResourceData"/>
<property name="RDIResource.RDIViews_WAVEFORM_VIEWER, Untitled 8" value="1" type="GuiResourceData"/>
<property name="RDIResourceCommand.RDICommands_DELETE, Remove File from Project..." value="1" type="GuiResourceData"/>
<property name="double_counter.v, 139, 158" value="1" type="GuiResourceData"/>
<property name="double_counter.v, 152, 164" value="1" type="GuiResourceData"/>
<property name="double_counter.v, 162, 97" value="1" type="GuiResourceData"/>
<property name="double_counter.v, 173, 198" value="1" type="GuiResourceData"/>
<property name="double_counter.v, 174, 157" value="1" type="GuiResourceData"/>
<property name="double_counter.v, 181, 202" value="1" type="GuiResourceData"/>
<property name="double_counter.v, 185, 81" value="1" type="GuiResourceData"/>
<property name="double_counter.v, 197, 170" value="1" type="GuiResourceData"/>
<property name="double_counter.v, 205, 190" value="1" type="GuiResourceData"/>
<property name="double_counter.v, 215, 69" value="1" type="GuiResourceData"/>
<property name="double_counter.v, 245, 264" value="1" type="GuiResourceData"/>
<property name="double_counter.v, 269, 231" value="1" type="GuiResourceData"/>
<property name="double_counter.v, 275, 208" value="1" type="GuiResourceData"/>
<property name="double_even_counter.v, 173, 188" value="1" type="GuiResourceData"/>
<property name="double_even_counter.v, 179, 198" value="1" type="GuiResourceData"/>
<property name="double_even_counter.v, 181, 224" value="1" type="GuiResourceData"/>
<property name="test_double_counter.v, 116, 93" value="1" type="GuiResourceData"/>
<property name="test_double_counter.v, 121, 128" value="1" type="GuiResourceData"/>
<property name="test_double_counter.v, 15, 30" value="1" type="GuiResourceData"/>
<property name="test_double_counter.v, 219, 106" value="1" type="GuiResourceData"/>
<property name="test_double_counter.v, 73, 174" value="1" type="GuiResourceData"/>
</item>
<item name="Other">
<property name="GuiMode" value="18" type="GuiMode"/>
<property name="BatchMode" value="0" type="BatchMode"/>
<property name="TclMode" value="14" type="TclMode"/>
</item>
</section>
</application>
</document>
