<?xml version="1.0" encoding="UTF-8" ?>
<document>
<!--The data in this file is primarily intended for consumption by Xilinx tools.
The structure and the elements are likely to change over the next few releases.
This means code written to parse this file will need to be revisited each subsequent release.-->
<application name="pa" timeStamp="Mon Dec 30 02:34:42 2019">
<section name="Project Information" visible="false">
<property name="ProjectID" value="e6ea38209c5a43ed88d756a4675ce99b" type="ProjectID"/>
<property name="ProjectIteration" value="1" type="ProjectIteration"/>
</section>
<section name="PlanAhead Usage" visible="true">
<item name="Project Data">
<property name="SrcSetCount" value="1" type="SrcSetCount"/>
<property name="ConstraintSetCount" value="1" type="ConstraintSetCount"/>
<property name="DesignMode" value="RTL" type="DesignMode"/>
<property name="SynthesisStrategy" value="Vivado Synthesis Defaults" type="SynthesisStrategy"/>
<property name="ImplStrategy" value="Vivado Implementation Defaults" type="ImplStrategy"/>
</item>
<item name="Java Command Handlers">
<property name="AddSources" value="6" type="JavaHandler"/>
<property name="EditDelete" value="2" type="JavaHandler"/>
<property name="NewProject" value="1" type="JavaHandler"/>
<property name="ProjectSettingsCmdHandler" value="1" type="JavaHandler"/>
<property name="SaveFileProxyHandler" value="1" type="JavaHandler"/>
<property name="ShowView" value="1" type="JavaHandler"/>
<property name="SimulationClose" value="3" type="JavaHandler"/>
<property name="SimulationRun" value="8" type="JavaHandler"/>
</item>
<item name="Gui Resources Info">
<property name="4_bit_counter.v, 1, 64" value="1" type="GuiResourceData"/>
<property name="4_bit_counter.v, 155, 222" value="1" type="GuiResourceData"/>
<property name="4_bit_counter.v, 185, 223" value="1" type="GuiResourceData"/>
<property name="4_bit_counter.v, 31, 78" value="1" type="GuiResourceData"/>
<property name="4_bit_counter.v, 7, 146" value="1" type="GuiResourceData"/>
<property name="4_bit_counter.v, 78, 148" value="1" type="GuiResourceData"/>
<property name="CANCEL, Cancel" value="2" type="GuiResourceData"/>
<property name="FINISH, Finish" value="6" type="GuiResourceData"/>
<property name="NEXT, Next " value="10" type="GuiResourceData"/>
<property name="PAResourceAtoD.AddSrcWizard_SPECIFY_HDL_AND_NETLIST_FILES_OR_DIRECTORIES, Add or create design sources" value="1" type="GuiResourceData"/>
<property name="PAResourceAtoD.CmdMsgDialog_OK, OK" value="3" type="GuiResourceData"/>
<property name="PAResourceAtoD.CmdMsgDialog_OPEN_MESSAGES_VIEW, Open Messages View" value="1" type="GuiResourceData"/>
<property name="PAResourceAtoD.CreateSrcFileDialog_FILE_NAME, 4_bit_counter" value="1" type="GuiResourceData"/>
<property name="PAResourceAtoD.CreateSrcFileDialog_FILE_NAME, counter" value="2" type="GuiResourceData"/>
<property name="PAResourceAtoD.CreateSrcFileDialog_FILE_NAME, counter_4_bit" value="1" type="GuiResourceData"/>
<property name="PAResourceAtoD.CreateSrcFileDialog_FILE_NAME, test_count_4_bit" value="1" type="GuiResourceData"/>
<property name="PAResourceAtoD.CreateSrcFileDialog_FILE_NAME, test_counter" value="1" type="GuiResourceData"/>
<property name="PAResourceAtoD.DefineModulesDialog_DEFINE_MODULES_AND_SPECIFY_IO_PORTS,  ; input ; false ; 0 ; 0, 0, (String" value="3" type="GuiResourceData"/>
<property name="PAResourceAtoD.DefineModulesDialog_DEFINE_MODULES_AND_SPECIFY_IO_PORTS, clk, 0, Port Name, 0" value="3" type="GuiResourceData"/>
<property name="PAResourceAtoD.DefineModulesDialog_DEFINE_MODULES_AND_SPECIFY_IO_PORTS, out ; input ; false ; 0 ; 0, 2, false, 2" value="1" type="GuiResourceData"/>
<property name="PAResourceAtoD.DefineModulesDialog_DEFINE_MODULES_AND_SPECIFY_IO_PORTS, out ; input ; false ; 0 ; 0, 2, input, 1" value="2" type="GuiResourceData"/>
<property name="PAResourceAtoD.DefineModulesDialog_DEFINE_MODULES_AND_SPECIFY_IO_PORTS, out, 2, Port Name, 0" value="2" type="GuiResourceData"/>
<property name="PAResourceAtoD.DefineModulesDialog_DEFINE_MODULES_AND_SPECIFY_IO_PORTS, output, 2, Direction, 1" value="3" type="GuiResourceData"/>
<property name="PAResourceAtoD.DefineModulesDialog_DEFINE_MODULES_AND_SPECIFY_IO_PORTS, q ; input ; false ; 0 ; 0, 2, input, 1" value="1" type="GuiResourceData"/>
<property name="PAResourceAtoD.DefineModulesDialog_DEFINE_MODULES_AND_SPECIFY_IO_PORTS, q, 2, Port Name, 0" value="1" type="GuiResourceData"/>
<property name="PAResourceAtoD.DefineModulesDialog_DEFINE_MODULES_AND_SPECIFY_IO_PORTS, rst, 1, Port Name, 0" value="2" type="GuiResourceData"/>
<property name="PAResourceAtoD.DefineModulesDialog_DEFINE_MODULES_AND_SPECIFY_IO_PORTS, rst_n, 1, Port Name, 0" value="1" type="GuiResourceData"/>
<property name="PAResourceCommand.PACommandNames_ADD_SOURCES, Add Sources..." value="5" type="GuiResourceData"/>
<property name="PAResourceCommand.PACommandNames_ADD_SOURCES, Sources_add_sources" value="1" type="GuiResourceData"/>
<property name="PAResourceCommand.PACommandNames_AUTO_UPDATE_HIER, Hierarchy Update" value="14" type="GuiResourceData"/>
<property name="PAResourceCommand.PACommandNames_SIMULATION_RESET, Reset Simulation" value="3" type="GuiResourceData"/>
<property name="PAResourceCommand.PACommandNames_SIMULATION_RUN, Run Simulation" value="3" type="GuiResourceData"/>
<property name="PAResourceCommand.PACommandNames_SIMULATION_RUN_BEHAVIORAL, Run Behavioral Simulation" value="3" type="GuiResourceData"/>
<property name="PAResourceEtoH.FileSetPanel_FILE_SET_PANEL_TREE, [root, Constraints], 1" value="1" type="GuiResourceData"/>
<property name="PAResourceEtoH.FileSetPanel_FILE_SET_PANEL_TREE, [root, Constraints], 1, true" value="1" type="GuiResourceData"/>
<property name="PAResourceEtoH.FileSetPanel_FILE_SET_PANEL_TREE, [root, Design Sources, Syntax Error Files, 4_bit_counter.v], 2, false" value="1" type="GuiResourceData"/>
<property name="PAResourceEtoH.FileSetPanel_FILE_SET_PANEL_TREE, [root, Design Sources, Syntax Error Files, 4_bit_counter.v], 2, false, false, false, false, false, true" value="1" type="GuiResourceData"/>
<property name="PAResourceEtoH.FileSetPanel_FILE_SET_PANEL_TREE, [root, Design Sources, Syntax Error Files], 1" value="1" type="GuiResourceData"/>
<property name="PAResourceEtoH.FileSetPanel_FILE_SET_PANEL_TREE, [root, Design Sources, counter (counter.v" value="3" type="GuiResourceData"/>
<property name="PAResourceEtoH.FileSetPanel_FILE_SET_PANEL_TREE, [root, Design Sources, counter_4_bit (4_bit_counter.v" value="10" type="GuiResourceData"/>
<property name="PAResourceEtoH.FileSetPanel_FILE_SET_PANEL_TREE, [root, Design Sources, counter_4_bit (counter_4_bit.v" value="7" type="GuiResourceData"/>
<property name="PAResourceEtoH.FileSetPanel_FILE_SET_PANEL_TREE, [root, Design Sources], 0, false" value="1" type="GuiResourceData"/>
<property name="PAResourceEtoH.FileSetPanel_FILE_SET_PANEL_TREE, [root, Design Sources], 0, false, false, false, false, true, false" value="1" type="GuiResourceData"/>
<property name="PAResourceEtoH.FileSetPanel_FILE_SET_PANEL_TREE, [root, Simulation Sources, sim_1, test_count_4_bit (test_count_4_bit.v" value="8" type="GuiResourceData"/>
<property name="PAResourceEtoH.FileSetPanel_FILE_SET_PANEL_TREE, [root, Simulation Sources, sim_1, test_counter (test_counter.v" value="5" type="GuiResourceData"/>
<property name="PAResourceEtoH.FileSetPanel_FILE_SET_PANEL_TREE, [root, Simulation Sources, sim_1], 5" value="1" type="GuiResourceData"/>
<property name="PAResourceEtoH.FileSetPanel_FILE_SET_PANEL_TREE, [root, Simulation Sources, sim_1], 5, true" value="1" type="GuiResourceData"/>
<property name="PAResourceEtoH.FileSetPanel_FILE_SET_PANEL_TREE, [root, Simulation Sources, sim_1], 5, true, false, false, false, true, false" value="1" type="GuiResourceData"/>
<property name="PAResourceEtoH.FileSetPanel_FILE_SET_PANEL_TREE, [root, Simulation Sources, sim_1], 6, true" value="1" type="GuiResourceData"/>
<property name="PAResourceEtoH.FileSetPanel_FILE_SET_PANEL_TREE, [root, Simulation Sources, sim_1], 6, true, false, false, false, true, false" value="1" type="GuiResourceData"/>
<property name="PAResourceEtoH.FlowNavigatorTreePanel_FLOW_NAVIGATOR_TREE, [, RTL Analysis, Elaboration Settings], 13, false" value="1" type="GuiResourceData"/>
<property name="PAResourceEtoH.FlowNavigatorTreePanel_FLOW_NAVIGATOR_TREE, [, Simulation, Run Simulation], 11, false" value="8" type="GuiResourceData"/>
<property name="PAResourceEtoH.GettingStartedView_CREATE_NEW_PROJECT, Create New Project" value="1" type="GuiResourceData"/>
<property name="PAResourceItoN.MsgTreePanel_MESSAGE_VIEW_TREE, [, Analysis Results, sim_1, [HDL 9-806] Syntax error near $finish. [D:/data_/logic_design/hw6a/hw6a1/hw6a1.srcs/sim_1/new/test_count_4_bit.v:38]. ], 20, false" value="3" type="GuiResourceData"/>
<property name="PAResourceItoN.MsgTreePanel_MESSAGE_VIEW_TREE, [, Vivado Commands, launch_simulation. , [USF-XSim 62] 'compile' step failed with error(s" value="12" type="GuiResourceData"/>
<property name="PAResourceItoN.MsgTreePanel_MESSAGE_VIEW_TREE, [, Vivado Commands, launch_simulation. , [Vivado 12-4473] Detected error while running simulation. Please correct the issue and retry this operation.. ], 16, false" value="2" type="GuiResourceData"/>
<property name="PAResourceItoN.MsgTreePanel_MESSAGE_VIEW_TREE, [, Vivado Commands, launch_simulation. , [Vivado 12-4473] Detected error while running simulation. Please correct the issue and retry this operation.. ], 16, false, false, false, false, false, true" value="1" type="GuiResourceData"/>
<property name="PAResourceItoN.MsgTreePanel_MESSAGE_VIEW_TREE, [, Vivado Commands, launch_simulation. , [Vivado 12-4473] Detected error while running simulation. Please correct the issue and retry this operation.. ], 3, false" value="1" type="GuiResourceData"/>
<property name="PAResourceItoN.MsgTreePanel_MESSAGE_VIEW_TREE, [, Vivado Commands, launch_simulation. , [Vivado 12-4473] Detected error while running simulation. Please correct the issue and retry this operation.. ], 3, false, false, false, false, false, true" value="1" type="GuiResourceData"/>
<property name="PAResourceOtoP.PAViews_CODE, Code" value="3" type="GuiResourceData"/>
<property name="PAResourceOtoP.ProjectNameChooser_CHOOSE_PROJECT_LOCATION, (String" value="2" type="GuiResourceData"/>
<property name="PAResourceOtoP.ProjectNameChooser_PROJECT_NAME, (String" value="1" type="GuiResourceData"/>
<property name="PAResourceOtoP.ProjectNameChooser_PROJECT_NAME, hw6a1" value="1" type="GuiResourceData"/>
<property name="PAResourceQtoS.RemoveSourcesDialog_ALSO_DELETE, Also delete the project local file/directory from disk, false" value="2" type="GuiResourceData"/>
<property name="PAResourceQtoS.SrcChooserPanel_ADD_HDL_AND_NETLIST_FILES_TO_YOUR_PROJECT, Add Files" value="1" type="GuiResourceData"/>
<property name="PAResourceQtoS.SrcChooserPanel_CREATE_FILE, Create File" value="5" type="GuiResourceData"/>
<property name="PAResourceQtoS.SrcMenu_IP_HIERARCHY, IP Hierarchy" value="14" type="GuiResourceData"/>
<property name="RDIResource.BaseDialog_OK, OK" value="15" type="GuiResourceData"/>
<property name="RDIResource.GraphicalView_ZOOM_IN, Waveform Viewer_zoom_in" value="4" type="GuiResourceData"/>
<property name="RDIResource.GraphicalView_ZOOM_OUT, Waveform Viewer_zoom_out" value="7" type="GuiResourceData"/>
<property name="RDIResource.MessageWithOptionDialog_DONT_SHOW_THIS_DIALOG_AGAIN, Don't show this dialog again, false" value="3" type="GuiResourceData"/>
<property name="RDIResource.RDIViews_WAVEFORM_VIEWER, 146, 74" value="1" type="GuiResourceData"/>
<property name="RDIResource.RDIViews_WAVEFORM_VIEWER, 226, 74" value="1" type="GuiResourceData"/>
<property name="RDIResource.RDIViews_WAVEFORM_VIEWER, 255, 79" value="1" type="GuiResourceData"/>
<property name="RDIResource.RDIViews_WAVEFORM_VIEWER, 316, 82" value="1" type="GuiResourceData"/>
<property name="RDIResource.RDIViews_WAVEFORM_VIEWER, Untitled 1" value="1" type="GuiResourceData"/>
<property name="RDIResource.RDIViews_WAVEFORM_VIEWER, Untitled 2" value="1" type="GuiResourceData"/>
<property name="RDIResource.RDIViews_WAVEFORM_VIEWER, Untitled 3" value="1" type="GuiResourceData"/>
<property name="RDIResourceCommand.RDICommands_DELETE, Remove File from Project..." value="2" type="GuiResourceData"/>
<property name="counter.v, 122, 179" value="1" type="GuiResourceData"/>
<property name="counter.v, 269, 106" value="1" type="GuiResourceData"/>
<property name="counter.v, 286, 175" value="1" type="GuiResourceData"/>
<property name="counter.v, 68, 172" value="1" type="GuiResourceData"/>
<property name="counter_4_bit.v, 147, 280" value="1" type="GuiResourceData"/>
<property name="counter_4_bit.v, 151, 234" value="1" type="GuiResourceData"/>
<property name="counter_4_bit.v, 25, 196" value="1" type="GuiResourceData"/>
<property name="counter_4_bit.v, 27, 60" value="1" type="GuiResourceData"/>
<property name="test_count_4_bit.v, 109, 56" value="1" type="GuiResourceData"/>
<property name="test_count_4_bit.v, 127, 440" value="1" type="GuiResourceData"/>
<property name="test_count_4_bit.v, 137, 192" value="1" type="GuiResourceData"/>
<property name="test_count_4_bit.v, 154, 274" value="1" type="GuiResourceData"/>
<property name="test_count_4_bit.v, 158, 209" value="1" type="GuiResourceData"/>
<property name="test_count_4_bit.v, 169, 208" value="1" type="GuiResourceData"/>
<property name="test_count_4_bit.v, 181, 250" value="1" type="GuiResourceData"/>
<property name="test_count_4_bit.v, 88, 211" value="1" type="GuiResourceData"/>
</item>
<item name="Other">
<property name="GuiMode" value="17" type="GuiMode"/>
<property name="BatchMode" value="0" type="BatchMode"/>
<property name="TclMode" value="14" type="TclMode"/>
</item>
</section>
</application>
</document>
